Event_ID,Employee_ID,Business_Process,Step_Name,Milestone,Due_Date,Status,Completed_Date,Assigned_To_Role
BP-90001,EMP7000,Onboarding,Laptop issued,Day 1,2026-05-25,Completed,2026-07-04,Payroll
BP-90002,EMP7000,Onboarding,Email + SSO access,Day 1,2026-06-03,Completed,2026-07-11,Payroll
BP-90003,EMP7000,Onboarding,Building badge,Day 1,2026-06-27,Completed,2026-06-30,HR
BP-90004,EMP7000,Onboarding,Team introduction,Day 1,2026-07-12,Completed,2026-07-03,Payroll
BP-90005,EMP7000,Onboarding,Compliance training assigned,Day 7,2026-07-31,Not Started,,HR
BP-90006,EMP7000,Onboarding,Policy handbook acknowledgement,Day 7,2026-08-01,In Progress,,IT
BP-90007,EMP7000,Onboarding,First 1:1 scheduled,Day 7,2026-06-20,Escalated,,Payroll
BP-90008,EMP7000,Onboarding,Role goals set,Day 30,2026-07-19,In Progress,,HR
BP-90009,EMP7000,Onboarding,Compliance Document signed,Day 30,2026-07-23,Escalated,,IT
BP-90010,EMP7000,Onboarding,30-day check-in,Day 30,2026-06-12,Completed,2026-07-02,Manager
BP-90011,EMP7000,Onboarding,Mid-probation review,Day 60,2026-05-22,In Progress,,HR
BP-90012,EMP7000,Onboarding,Probation decision,Day 90,2026-06-30,In Progress,,IT
BP-90013,EMP7000,Onboarding,90-day survey,Day 90,2026-05-30,Not Started,,Payroll
BP-90014,EMP7001,Onboarding,Laptop issued,Day 1,2026-07-25,Completed,2026-07-01,IT
BP-90015,EMP7001,Onboarding,Email + SSO access,Day 1,2026-06-28,Completed,2026-07-10,Payroll
BP-90016,EMP7001,Onboarding,Building badge,Day 1,2026-07-03,Completed,2026-07-13,HR
BP-90017,EMP7001,Onboarding,Team introduction,Day 1,2026-05-19,Completed,2026-07-08,IT
BP-90018,EMP7001,Onboarding,Compliance training assigned,Day 7,2026-06-14,Completed,2026-07-15,Payroll
BP-90019,EMP7001,Onboarding,Policy handbook acknowledgement,Day 7,2026-06-13,Completed,2026-07-09,IT
BP-90020,EMP7001,Onboarding,First 1:1 scheduled,Day 7,2026-08-02,Completed,2026-06-30,Manager
BP-90021,EMP7001,Onboarding,Role goals set,Day 30,2026-07-30,Completed,2026-07-10,HR
BP-90022,EMP7001,Onboarding,Compliance Document signed,Day 30,2026-07-03,Escalated,,Manager
BP-90023,EMP7001,Onboarding,30-day check-in,Day 30,2026-07-01,Completed,2026-06-25,IT
BP-90024,EMP7001,Onboarding,Mid-probation review,Day 60,2026-05-25,Not Started,,IT
BP-90025,EMP7001,Onboarding,Probation decision,Day 90,2026-05-29,Completed,2026-07-05,IT
BP-90026,EMP7001,Onboarding,90-day survey,Day 90,2026-06-17,Not Started,,HR
BP-90027,EMP7002,Onboarding,Laptop issued,Day 1,2026-07-31,Completed,2026-07-05,IT
BP-90028,EMP7002,Onboarding,Email + SSO access,Day 1,2026-07-28,In Progress,,HR
BP-90029,EMP7002,Onboarding,Building badge,Day 1,2026-07-15,In Progress,,IT
BP-90030,EMP7002,Onboarding,Team introduction,Day 1,2026-06-18,In Progress,,Payroll
BP-90031,EMP7002,Onboarding,Compliance training assigned,Day 7,2026-07-20,Completed,2026-06-28,Payroll
BP-90032,EMP7002,Onboarding,Policy handbook acknowledgement,Day 7,2026-07-17,In Progress,,Payroll
BP-90033,EMP7002,Onboarding,First 1:1 scheduled,Day 7,2026-07-19,Escalated,,IT
BP-90034,EMP7002,Onboarding,Role goals set,Day 30,2026-07-27,Completed,2026-07-06,Manager
BP-90035,EMP7002,Onboarding,Compliance Document signed,Day 30,2026-07-04,Completed,2026-07-02,Payroll
BP-90036,EMP7002,Onboarding,30-day check-in,Day 30,2026-06-02,Escalated,,HR
BP-90037,EMP7002,Onboarding,Mid-probation review,Day 60,2026-06-03,Completed,2026-07-10,Payroll
BP-90038,EMP7002,Onboarding,Probation decision,Day 90,2026-05-30,In Progress,,Payroll
BP-90039,EMP7002,Onboarding,90-day survey,Day 90,2026-07-07,Completed,2026-07-07,Payroll
BP-90040,EMP7003,Onboarding,Laptop issued,Day 1,2026-06-04,In Progress,,Payroll
BP-90041,EMP7003,Onboarding,Email + SSO access,Day 1,2026-07-01,Not Started,,HR
BP-90042,EMP7003,Onboarding,Building badge,Day 1,2026-08-04,Completed,2026-07-14,HR
BP-90043,EMP7003,Onboarding,Team introduction,Day 1,2026-07-01,Completed,2026-07-09,Payroll
BP-90044,EMP7003,Onboarding,Compliance training assigned,Day 7,2026-06-02,Completed,2026-07-08,HR
BP-90045,EMP7003,Onboarding,Policy handbook acknowledgement,Day 7,2026-06-23,Completed,2026-07-12,Manager
BP-90046,EMP7003,Onboarding,First 1:1 scheduled,Day 7,2026-08-02,Completed,2026-07-10,HR
BP-90047,EMP7003,Onboarding,Role goals set,Day 30,2026-08-03,Completed,2026-07-03,Manager
BP-90048,EMP7003,Onboarding,Compliance Document signed,Day 30,2026-06-21,Completed,2026-07-07,Manager
BP-90049,EMP7003,Onboarding,30-day check-in,Day 30,2026-06-12,In Progress,,IT
BP-90050,EMP7003,Onboarding,Mid-probation review,Day 60,2026-07-28,Completed,2026-06-27,Payroll
BP-90051,EMP7003,Onboarding,Probation decision,Day 90,2026-07-18,Completed,2026-07-10,IT
BP-90052,EMP7003,Onboarding,90-day survey,Day 90,2026-05-17,Completed,2026-07-10,HR
BP-90053,EMP7004,Onboarding,Laptop issued,Day 1,2026-07-27,Completed,2026-07-09,Payroll
BP-90054,EMP7004,Onboarding,Email + SSO access,Day 1,2026-06-25,Completed,2026-07-11,HR
BP-90055,EMP7004,Onboarding,Building badge,Day 1,2026-07-09,Completed,2026-06-28,HR
BP-90056,EMP7004,Onboarding,Team introduction,Day 1,2026-05-30,In Progress,,IT
BP-90057,EMP7004,Onboarding,Compliance training assigned,Day 7,2026-05-31,Completed,2026-07-03,Manager
BP-90058,EMP7004,Onboarding,Policy handbook acknowledgement,Day 7,2026-07-15,Completed,2026-07-01,HR
BP-90059,EMP7004,Onboarding,First 1:1 scheduled,Day 7,2026-06-25,Completed,2026-07-03,HR
BP-90060,EMP7004,Onboarding,Role goals set,Day 30,2026-06-24,Completed,2026-07-08,Manager
BP-90061,EMP7004,Onboarding,Compliance Document signed,Day 30,2026-05-24,Completed,2026-07-05,Payroll
BP-90062,EMP7004,Onboarding,30-day check-in,Day 30,2026-06-26,In Progress,,Manager
BP-90063,EMP7004,Onboarding,Mid-probation review,Day 60,2026-05-24,Completed,2026-07-01,HR
BP-90064,EMP7004,Onboarding,Probation decision,Day 90,2026-06-19,Completed,2026-06-29,Manager
BP-90065,EMP7004,Onboarding,90-day survey,Day 90,2026-05-25,Completed,2026-06-30,Manager
BP-90066,EMP7005,Onboarding,Laptop issued,Day 1,2026-06-09,In Progress,,IT
BP-90067,EMP7005,Onboarding,Email + SSO access,Day 1,2026-07-03,Completed,2026-06-25,HR
BP-90068,EMP7005,Onboarding,Building badge,Day 1,2026-06-16,Completed,2026-07-10,Payroll
BP-90069,EMP7005,Onboarding,Team introduction,Day 1,2026-06-24,Completed,2026-07-02,Manager
BP-90070,EMP7005,Onboarding,Compliance training assigned,Day 7,2026-05-26,Completed,2026-07-01,Manager
BP-90071,EMP7005,Onboarding,Policy handbook acknowledgement,Day 7,2026-06-03,Not Started,,HR
BP-90072,EMP7005,Onboarding,First 1:1 scheduled,Day 7,2026-05-21,In Progress,,Payroll
BP-90073,EMP7005,Onboarding,Role goals set,Day 30,2026-07-07,Escalated,,HR
BP-90074,EMP7005,Onboarding,Compliance Document signed,Day 30,2026-05-23,In Progress,,Manager
BP-90075,EMP7005,Onboarding,30-day check-in,Day 30,2026-06-07,Completed,2026-07-15,Manager
BP-90076,EMP7005,Onboarding,Mid-probation review,Day 60,2026-06-17,Completed,2026-06-30,Manager
BP-90077,EMP7005,Onboarding,Probation decision,Day 90,2026-07-08,Completed,2026-06-25,HR
BP-90078,EMP7005,Onboarding,90-day survey,Day 90,2026-05-23,In Progress,,HR
BP-90079,EMP7006,Onboarding,Laptop issued,Day 1,2026-07-01,Completed,2026-07-11,HR
BP-90080,EMP7006,Onboarding,Email + SSO access,Day 1,2026-07-20,Not Started,,IT
BP-90081,EMP7006,Onboarding,Building badge,Day 1,2026-05-19,Escalated,,HR
BP-90082,EMP7006,Onboarding,Team introduction,Day 1,2026-05-28,Not Started,,Manager
BP-90083,EMP7006,Onboarding,Compliance training assigned,Day 7,2026-07-14,In Progress,,IT
BP-90084,EMP7006,Onboarding,Policy handbook acknowledgement,Day 7,2026-06-03,Not Started,,Payroll
BP-90085,EMP7006,Onboarding,First 1:1 scheduled,Day 7,2026-07-22,Completed,2026-07-02,Manager
BP-90086,EMP7006,Onboarding,Role goals set,Day 30,2026-06-21,In Progress,,Manager
BP-90087,EMP7006,Onboarding,Compliance Document signed,Day 30,2026-08-03,Completed,2026-07-07,HR
BP-90088,EMP7006,Onboarding,30-day check-in,Day 30,2026-06-23,In Progress,,IT
BP-90089,EMP7006,Onboarding,Mid-probation review,Day 60,2026-08-02,Completed,2026-07-13,IT
BP-90090,EMP7006,Onboarding,Probation decision,Day 90,2026-06-18,Completed,2026-07-08,Manager
BP-90091,EMP7006,Onboarding,90-day survey,Day 90,2026-07-14,In Progress,,Manager
BP-90092,EMP7007,Onboarding,Laptop issued,Day 1,2026-07-29,Completed,2026-07-05,HR
BP-90093,EMP7007,Onboarding,Email + SSO access,Day 1,2026-05-24,In Progress,,Manager
BP-90094,EMP7007,Onboarding,Building badge,Day 1,2026-07-27,Completed,2026-07-08,IT
BP-90095,EMP7007,Onboarding,Team introduction,Day 1,2026-05-17,Completed,2026-06-27,IT
BP-90096,EMP7007,Onboarding,Compliance training assigned,Day 7,2026-05-20,Completed,2026-06-30,HR
BP-90097,EMP7007,Onboarding,Policy handbook acknowledgement,Day 7,2026-06-29,Not Started,,HR
BP-90098,EMP7007,Onboarding,First 1:1 scheduled,Day 7,2026-07-04,Not Started,,Manager
BP-90099,EMP7007,Onboarding,Role goals set,Day 30,2026-05-21,In Progress,,Manager
BP-90100,EMP7007,Onboarding,Compliance Document signed,Day 30,2026-07-04,Completed,2026-06-27,Manager
BP-90101,EMP7007,Onboarding,30-day check-in,Day 30,2026-06-15,Completed,2026-06-25,Manager
BP-90102,EMP7007,Onboarding,Mid-probation review,Day 60,2026-07-14,Completed,2026-07-12,HR
BP-90103,EMP7007,Onboarding,Probation decision,Day 90,2026-07-15,Completed,2026-07-02,Manager
BP-90104,EMP7007,Onboarding,90-day survey,Day 90,2026-06-06,Not Started,,IT
BP-90105,EMP7008,Onboarding,Laptop issued,Day 1,2026-07-27,Not Started,,Manager
BP-90106,EMP7008,Onboarding,Email + SSO access,Day 1,2026-05-26,Completed,2026-07-06,HR
BP-90107,EMP7008,Onboarding,Building badge,Day 1,2026-06-14,Completed,2026-06-28,Payroll
BP-90108,EMP7008,Onboarding,Team introduction,Day 1,2026-06-11,Completed,2026-06-25,Manager
BP-90109,EMP7008,Onboarding,Compliance training assigned,Day 7,2026-06-09,Completed,2026-06-30,Manager
BP-90110,EMP7008,Onboarding,Policy handbook acknowledgement,Day 7,2026-07-08,Completed,2026-06-26,IT
BP-90111,EMP7008,Onboarding,First 1:1 scheduled,Day 7,2026-07-26,Completed,2026-07-02,Manager
BP-90112,EMP7008,Onboarding,Role goals set,Day 30,2026-06-10,Escalated,,Payroll
BP-90113,EMP7008,Onboarding,Compliance Document signed,Day 30,2026-06-30,Completed,2026-07-14,HR
BP-90114,EMP7008,Onboarding,30-day check-in,Day 30,2026-06-06,Not Started,,Manager
BP-90115,EMP7008,Onboarding,Mid-probation review,Day 60,2026-07-29,Completed,2026-07-10,Manager
BP-90116,EMP7008,Onboarding,Probation decision,Day 90,2026-07-01,Completed,2026-07-09,Manager
BP-90117,EMP7008,Onboarding,90-day survey,Day 90,2026-05-24,Completed,2026-07-01,IT
BP-90118,EMP7009,Onboarding,Laptop issued,Day 1,2026-07-29,Completed,2026-06-27,IT
BP-90119,EMP7009,Onboarding,Email + SSO access,Day 1,2026-05-19,Completed,2026-06-27,Manager
BP-90120,EMP7009,Onboarding,Building badge,Day 1,2026-06-06,Completed,2026-07-13,HR
BP-90121,EMP7009,Onboarding,Team introduction,Day 1,2026-06-24,Completed,2026-06-28,IT
BP-90122,EMP7009,Onboarding,Compliance training assigned,Day 7,2026-05-30,In Progress,,Manager
BP-90123,EMP7009,Onboarding,Policy handbook acknowledgement,Day 7,2026-07-26,In Progress,,IT
BP-90124,EMP7009,Onboarding,First 1:1 scheduled,Day 7,2026-05-24,Completed,2026-07-12,Manager
BP-90125,EMP7009,Onboarding,Role goals set,Day 30,2026-05-27,Completed,2026-06-30,HR
BP-90126,EMP7009,Onboarding,Compliance Document signed,Day 30,2026-07-07,Completed,2026-07-06,Payroll
BP-90127,EMP7009,Onboarding,30-day check-in,Day 30,2026-07-18,In Progress,,IT
BP-90128,EMP7009,Onboarding,Mid-probation review,Day 60,2026-05-30,In Progress,,HR
BP-90129,EMP7009,Onboarding,Probation decision,Day 90,2026-06-04,In Progress,,Payroll
BP-90130,EMP7009,Onboarding,90-day survey,Day 90,2026-07-31,Completed,2026-06-30,IT
BP-90131,EMP7010,Onboarding,Laptop issued,Day 1,2026-05-21,Completed,2026-06-26,IT
BP-90132,EMP7010,Onboarding,Email + SSO access,Day 1,2026-07-02,In Progress,,HR
BP-90133,EMP7010,Onboarding,Building badge,Day 1,2026-07-14,Completed,2026-07-11,HR
BP-90134,EMP7010,Onboarding,Team introduction,Day 1,2026-05-24,Completed,2026-06-30,Payroll
BP-90135,EMP7010,Onboarding,Compliance training assigned,Day 7,2026-07-29,Not Started,,IT
BP-90136,EMP7010,Onboarding,Policy handbook acknowledgement,Day 7,2026-05-24,In Progress,,IT
BP-90137,EMP7010,Onboarding,First 1:1 scheduled,Day 7,2026-06-13,Escalated,,HR
BP-90138,EMP7010,Onboarding,Role goals set,Day 30,2026-06-07,Completed,2026-06-30,HR
BP-90139,EMP7010,Onboarding,Compliance Document signed,Day 30,2026-05-29,Completed,2026-07-08,Manager
BP-90140,EMP7010,Onboarding,30-day check-in,Day 30,2026-06-19,Completed,2026-07-11,IT
BP-90141,EMP7010,Onboarding,Mid-probation review,Day 60,2026-05-21,Not Started,,Manager
BP-90142,EMP7010,Onboarding,Probation decision,Day 90,2026-06-26,In Progress,,Manager
BP-90143,EMP7010,Onboarding,90-day survey,Day 90,2026-07-27,Not Started,,HR
BP-90144,EMP7011,Onboarding,Laptop issued,Day 1,2026-07-26,Completed,2026-07-03,Payroll
BP-90145,EMP7011,Onboarding,Email + SSO access,Day 1,2026-06-29,Not Started,,IT
BP-90146,EMP7011,Onboarding,Building badge,Day 1,2026-05-25,Completed,2026-07-12,Payroll
BP-90147,EMP7011,Onboarding,Team introduction,Day 1,2026-06-16,Completed,2026-07-05,Manager
BP-90148,EMP7011,Onboarding,Compliance training assigned,Day 7,2026-05-18,Completed,2026-07-06,HR
BP-90149,EMP7011,Onboarding,Policy handbook acknowledgement,Day 7,2026-06-06,In Progress,,HR
BP-90150,EMP7011,Onboarding,First 1:1 scheduled,Day 7,2026-06-22,In Progress,,HR
BP-90151,EMP7011,Onboarding,Role goals set,Day 30,2026-06-28,Completed,2026-07-03,Manager
BP-90152,EMP7011,Onboarding,Compliance Document signed,Day 30,2026-06-22,Not Started,,HR
BP-90153,EMP7011,Onboarding,30-day check-in,Day 30,2026-07-24,Not Started,,Payroll
BP-90154,EMP7011,Onboarding,Mid-probation review,Day 60,2026-07-07,Completed,2026-06-29,Manager
BP-90155,EMP7011,Onboarding,Probation decision,Day 90,2026-07-15,Escalated,,IT
BP-90156,EMP7011,Onboarding,90-day survey,Day 90,2026-07-22,In Progress,,IT
BP-90157,EMP7012,Onboarding,Laptop issued,Day 1,2026-08-03,Completed,2026-06-30,IT
BP-90158,EMP7012,Onboarding,Email + SSO access,Day 1,2026-07-04,Completed,2026-07-13,Payroll
BP-90159,EMP7012,Onboarding,Building badge,Day 1,2026-08-01,Completed,2026-07-12,IT
BP-90160,EMP7012,Onboarding,Team introduction,Day 1,2026-07-30,Completed,2026-07-09,IT
BP-90161,EMP7012,Onboarding,Compliance training assigned,Day 7,2026-07-08,Completed,2026-07-09,HR
BP-90162,EMP7012,Onboarding,Policy handbook acknowledgement,Day 7,2026-07-13,Completed,2026-07-01,Manager
BP-90163,EMP7012,Onboarding,First 1:1 scheduled,Day 7,2026-05-21,Not Started,,Payroll
BP-90164,EMP7012,Onboarding,Role goals set,Day 30,2026-06-22,Completed,2026-06-28,Payroll
BP-90165,EMP7012,Onboarding,Compliance Document signed,Day 30,2026-07-21,Not Started,,IT
BP-90166,EMP7012,Onboarding,30-day check-in,Day 30,2026-06-22,Completed,2026-07-09,HR
BP-90167,EMP7012,Onboarding,Mid-probation review,Day 60,2026-07-18,Not Started,,Payroll
BP-90168,EMP7012,Onboarding,Probation decision,Day 90,2026-07-22,Completed,2026-07-14,IT
BP-90169,EMP7012,Onboarding,90-day survey,Day 90,2026-05-26,Completed,2026-06-25,Manager
BP-90170,EMP7013,Onboarding,Laptop issued,Day 1,2026-08-04,In Progress,,IT
BP-90171,EMP7013,Onboarding,Email + SSO access,Day 1,2026-07-13,Completed,2026-07-04,HR
BP-90172,EMP7013,Onboarding,Building badge,Day 1,2026-06-05,In Progress,,Manager
BP-90173,EMP7013,Onboarding,Team introduction,Day 1,2026-06-21,Not Started,,Payroll
BP-90174,EMP7013,Onboarding,Compliance training assigned,Day 7,2026-05-23,Not Started,,HR
BP-90175,EMP7013,Onboarding,Policy handbook acknowledgement,Day 7,2026-05-16,Completed,2026-06-27,HR
BP-90176,EMP7013,Onboarding,First 1:1 scheduled,Day 7,2026-06-29,Escalated,,HR
BP-90177,EMP7013,Onboarding,Role goals set,Day 30,2026-06-13,Completed,2026-06-26,HR
BP-90178,EMP7013,Onboarding,Compliance Document signed,Day 30,2026-06-07,Completed,2026-07-12,Manager
BP-90179,EMP7013,Onboarding,30-day check-in,Day 30,2026-07-31,Completed,2026-07-01,IT
BP-90180,EMP7013,Onboarding,Mid-probation review,Day 60,2026-07-05,In Progress,,HR
BP-90181,EMP7013,Onboarding,Probation decision,Day 90,2026-07-16,Completed,2026-07-05,HR
BP-90182,EMP7013,Onboarding,90-day survey,Day 90,2026-07-03,Completed,2026-06-28,Manager
BP-90183,EMP7014,Onboarding,Laptop issued,Day 1,2026-06-03,Completed,2026-07-11,Payroll
BP-90184,EMP7014,Onboarding,Email + SSO access,Day 1,2026-07-20,Completed,2026-07-10,HR
BP-90185,EMP7014,Onboarding,Building badge,Day 1,2026-05-26,Completed,2026-07-12,Payroll
BP-90186,EMP7014,Onboarding,Team introduction,Day 1,2026-06-28,Escalated,,IT
BP-90187,EMP7014,Onboarding,Compliance training assigned,Day 7,2026-07-22,Completed,2026-07-05,IT
BP-90188,EMP7014,Onboarding,Policy handbook acknowledgement,Day 7,2026-06-11,Escalated,,HR
BP-90189,EMP7014,Onboarding,First 1:1 scheduled,Day 7,2026-07-07,Escalated,,Payroll
BP-90190,EMP7014,Onboarding,Role goals set,Day 30,2026-06-27,In Progress,,HR
BP-90191,EMP7014,Onboarding,Compliance Document signed,Day 30,2026-08-02,In Progress,,HR
BP-90192,EMP7014,Onboarding,30-day check-in,Day 30,2026-07-29,In Progress,,IT
BP-90193,EMP7014,Onboarding,Mid-probation review,Day 60,2026-06-21,In Progress,,IT
BP-90194,EMP7014,Onboarding,Probation decision,Day 90,2026-06-17,Completed,2026-06-29,Manager
BP-90195,EMP7014,Onboarding,90-day survey,Day 90,2026-07-01,Not Started,,HR
BP-90196,EMP7015,Onboarding,Laptop issued,Day 1,2026-05-28,Completed,2026-06-26,HR
BP-90197,EMP7015,Onboarding,Email + SSO access,Day 1,2026-06-10,In Progress,,HR
BP-90198,EMP7015,Onboarding,Building badge,Day 1,2026-05-24,Not Started,,IT
BP-90199,EMP7015,Onboarding,Team introduction,Day 1,2026-08-01,Completed,2026-06-30,Payroll
BP-90200,EMP7015,Onboarding,Compliance training assigned,Day 7,2026-07-27,Completed,2026-07-04,IT
BP-90201,EMP7015,Onboarding,Policy handbook acknowledgement,Day 7,2026-07-30,Completed,2026-07-09,HR
BP-90202,EMP7015,Onboarding,First 1:1 scheduled,Day 7,2026-07-10,Completed,2026-07-06,HR
BP-90203,EMP7015,Onboarding,Role goals set,Day 30,2026-06-01,In Progress,,Payroll
BP-90204,EMP7015,Onboarding,Compliance Document signed,Day 30,2026-07-12,Completed,2026-07-05,Manager
BP-90205,EMP7015,Onboarding,30-day check-in,Day 30,2026-07-17,Completed,2026-07-01,HR
BP-90206,EMP7015,Onboarding,Mid-probation review,Day 60,2026-07-31,In Progress,,Manager
BP-90207,EMP7015,Onboarding,Probation decision,Day 90,2026-06-12,Completed,2026-07-05,Manager
BP-90208,EMP7015,Onboarding,90-day survey,Day 90,2026-06-10,Completed,2026-07-15,HR
BP-90209,EMP7016,Onboarding,Laptop issued,Day 1,2026-08-01,Completed,2026-07-10,Manager
BP-90210,EMP7016,Onboarding,Email + SSO access,Day 1,2026-05-18,Completed,2026-07-14,Payroll
BP-90211,EMP7016,Onboarding,Building badge,Day 1,2026-05-28,Not Started,,Manager
BP-90212,EMP7016,Onboarding,Team introduction,Day 1,2026-06-29,Completed,2026-07-11,Payroll
BP-90213,EMP7016,Onboarding,Compliance training assigned,Day 7,2026-07-31,Completed,2026-07-02,IT
BP-90214,EMP7016,Onboarding,Policy handbook acknowledgement,Day 7,2026-07-28,Completed,2026-07-10,IT
BP-90215,EMP7016,Onboarding,First 1:1 scheduled,Day 7,2026-07-14,In Progress,,IT
BP-90216,EMP7016,Onboarding,Role goals set,Day 30,2026-08-01,Not Started,,IT
BP-90217,EMP7016,Onboarding,Compliance Document signed,Day 30,2026-06-18,Completed,2026-07-05,IT
BP-90218,EMP7016,Onboarding,30-day check-in,Day 30,2026-06-28,Escalated,,IT
BP-90219,EMP7016,Onboarding,Mid-probation review,Day 60,2026-07-01,Completed,2026-07-07,IT
BP-90220,EMP7016,Onboarding,Probation decision,Day 90,2026-06-11,Completed,2026-06-30,Manager
BP-90221,EMP7016,Onboarding,90-day survey,Day 90,2026-06-18,Completed,2026-06-26,Payroll
BP-90222,EMP7017,Onboarding,Laptop issued,Day 1,2026-05-30,Completed,2026-07-02,Payroll
BP-90223,EMP7017,Onboarding,Email + SSO access,Day 1,2026-07-05,Completed,2026-06-26,Payroll
BP-90224,EMP7017,Onboarding,Building badge,Day 1,2026-07-20,Not Started,,IT
BP-90225,EMP7017,Onboarding,Team introduction,Day 1,2026-06-06,Completed,2026-07-11,HR
BP-90226,EMP7017,Onboarding,Compliance training assigned,Day 7,2026-06-07,In Progress,,IT
BP-90227,EMP7017,Onboarding,Policy handbook acknowledgement,Day 7,2026-06-23,In Progress,,IT
BP-90228,EMP7017,Onboarding,First 1:1 scheduled,Day 7,2026-06-26,In Progress,,HR
BP-90229,EMP7017,Onboarding,Role goals set,Day 30,2026-06-29,Completed,2026-07-08,HR
BP-90230,EMP7017,Onboarding,Compliance Document signed,Day 30,2026-07-09,In Progress,,IT
BP-90231,EMP7017,Onboarding,30-day check-in,Day 30,2026-07-05,Not Started,,IT
BP-90232,EMP7017,Onboarding,Mid-probation review,Day 60,2026-07-10,Completed,2026-07-12,Payroll
BP-90233,EMP7017,Onboarding,Probation decision,Day 90,2026-07-27,In Progress,,HR
BP-90234,EMP7017,Onboarding,90-day survey,Day 90,2026-08-02,Escalated,,HR
BP-90235,EMP7018,Onboarding,Laptop issued,Day 1,2026-06-24,Completed,2026-07-08,HR
BP-90236,EMP7018,Onboarding,Email + SSO access,Day 1,2026-06-29,Completed,2026-07-08,Manager
BP-90237,EMP7018,Onboarding,Building badge,Day 1,2026-07-11,Completed,2026-07-11,Payroll
BP-90238,EMP7018,Onboarding,Team introduction,Day 1,2026-07-24,Not Started,,IT
BP-90239,EMP7018,Onboarding,Compliance training assigned,Day 7,2026-06-10,Completed,2026-06-26,HR
BP-90240,EMP7018,Onboarding,Policy handbook acknowledgement,Day 7,2026-07-19,Completed,2026-07-09,Payroll
BP-90241,EMP7018,Onboarding,First 1:1 scheduled,Day 7,2026-07-17,Completed,2026-07-13,IT
BP-90242,EMP7018,Onboarding,Role goals set,Day 30,2026-05-21,Completed,2026-07-14,Manager
BP-90243,EMP7018,Onboarding,Compliance Document signed,Day 30,2026-06-17,Completed,2026-07-11,Manager
BP-90244,EMP7018,Onboarding,30-day check-in,Day 30,2026-06-04,Completed,2026-07-11,Payroll
BP-90245,EMP7018,Onboarding,Mid-probation review,Day 60,2026-07-14,Completed,2026-07-07,Payroll
BP-90246,EMP7018,Onboarding,Probation decision,Day 90,2026-07-25,In Progress,,Payroll
BP-90247,EMP7018,Onboarding,90-day survey,Day 90,2026-07-08,In Progress,,Payroll
BP-90248,EMP7019,Onboarding,Laptop issued,Day 1,2026-06-23,Not Started,,HR
BP-90249,EMP7019,Onboarding,Email + SSO access,Day 1,2026-06-11,Completed,2026-07-01,Manager
BP-90250,EMP7019,Onboarding,Building badge,Day 1,2026-06-18,In Progress,,Manager
BP-90251,EMP7019,Onboarding,Team introduction,Day 1,2026-06-23,Not Started,,Payroll
BP-90252,EMP7019,Onboarding,Compliance training assigned,Day 7,2026-06-12,In Progress,,IT
BP-90253,EMP7019,Onboarding,Policy handbook acknowledgement,Day 7,2026-07-09,Completed,2026-07-15,HR
BP-90254,EMP7019,Onboarding,First 1:1 scheduled,Day 7,2026-05-25,Completed,2026-07-11,IT
BP-90255,EMP7019,Onboarding,Role goals set,Day 30,2026-06-15,Completed,2026-07-06,IT
BP-90256,EMP7019,Onboarding,Compliance Document signed,Day 30,2026-07-10,Escalated,,IT
BP-90257,EMP7019,Onboarding,30-day check-in,Day 30,2026-07-13,In Progress,,HR
BP-90258,EMP7019,Onboarding,Mid-probation review,Day 60,2026-06-03,Completed,2026-07-14,IT
BP-90259,EMP7019,Onboarding,Probation decision,Day 90,2026-07-21,Completed,2026-06-25,HR
BP-90260,EMP7019,Onboarding,90-day survey,Day 90,2026-07-29,Completed,2026-07-11,Payroll
BP-90261,EMP7020,Onboarding,Laptop issued,Day 1,2026-07-22,Completed,2026-07-02,IT
BP-90262,EMP7020,Onboarding,Email + SSO access,Day 1,2026-05-16,Completed,2026-07-03,Manager
BP-90263,EMP7020,Onboarding,Building badge,Day 1,2026-07-30,Completed,2026-07-10,IT
BP-90264,EMP7020,Onboarding,Team introduction,Day 1,2026-07-01,Completed,2026-07-01,Manager
BP-90265,EMP7020,Onboarding,Compliance training assigned,Day 7,2026-05-26,In Progress,,HR
BP-90266,EMP7020,Onboarding,Policy handbook acknowledgement,Day 7,2026-06-28,Completed,2026-07-06,HR
BP-90267,EMP7020,Onboarding,First 1:1 scheduled,Day 7,2026-05-19,Not Started,,HR
BP-90268,EMP7020,Onboarding,Role goals set,Day 30,2026-06-27,Completed,2026-07-11,IT
BP-90269,EMP7020,Onboarding,Compliance Document signed,Day 30,2026-07-01,Completed,2026-07-08,HR
BP-90270,EMP7020,Onboarding,30-day check-in,Day 30,2026-07-08,In Progress,,HR
BP-90271,EMP7020,Onboarding,Mid-probation review,Day 60,2026-05-30,Completed,2026-07-03,Manager
BP-90272,EMP7020,Onboarding,Probation decision,Day 90,2026-06-26,Completed,2026-07-05,Manager
BP-90273,EMP7020,Onboarding,90-day survey,Day 90,2026-06-07,Completed,2026-07-10,Payroll
BP-90274,EMP7021,Onboarding,Laptop issued,Day 1,2026-07-20,Completed,2026-06-28,Manager
BP-90275,EMP7021,Onboarding,Email + SSO access,Day 1,2026-07-28,In Progress,,HR
BP-90276,EMP7021,Onboarding,Building badge,Day 1,2026-05-31,In Progress,,IT
BP-90277,EMP7021,Onboarding,Team introduction,Day 1,2026-07-14,Completed,2026-07-02,IT
BP-90278,EMP7021,Onboarding,Compliance training assigned,Day 7,2026-06-07,Completed,2026-07-14,IT
BP-90279,EMP7021,Onboarding,Policy handbook acknowledgement,Day 7,2026-06-03,In Progress,,HR
BP-90280,EMP7021,Onboarding,First 1:1 scheduled,Day 7,2026-07-23,Completed,2026-07-13,Manager
BP-90281,EMP7021,Onboarding,Role goals set,Day 30,2026-06-16,Completed,2026-06-28,Manager
BP-90282,EMP7021,Onboarding,Compliance Document signed,Day 30,2026-07-28,In Progress,,Payroll
BP-90283,EMP7021,Onboarding,30-day check-in,Day 30,2026-07-07,Completed,2026-07-15,IT
BP-90284,EMP7021,Onboarding,Mid-probation review,Day 60,2026-07-25,Completed,2026-07-13,HR
BP-90285,EMP7021,Onboarding,Probation decision,Day 90,2026-07-22,Completed,2026-06-29,Manager
BP-90286,EMP7021,Onboarding,90-day survey,Day 90,2026-05-23,Completed,2026-07-09,Manager
BP-90287,EMP7022,Onboarding,Laptop issued,Day 1,2026-05-20,In Progress,,HR
BP-90288,EMP7022,Onboarding,Email + SSO access,Day 1,2026-05-18,Completed,2026-07-04,Manager
BP-90289,EMP7022,Onboarding,Building badge,Day 1,2026-07-02,Completed,2026-07-15,Manager
BP-90290,EMP7022,Onboarding,Team introduction,Day 1,2026-07-19,Completed,2026-06-25,Manager
BP-90291,EMP7022,Onboarding,Compliance training assigned,Day 7,2026-06-05,In Progress,,IT
BP-90292,EMP7022,Onboarding,Policy handbook acknowledgement,Day 7,2026-07-14,Completed,2026-07-02,IT
BP-90293,EMP7022,Onboarding,First 1:1 scheduled,Day 7,2026-06-08,In Progress,,HR
BP-90294,EMP7022,Onboarding,Role goals set,Day 30,2026-06-06,Completed,2026-06-29,Manager
BP-90295,EMP7022,Onboarding,Compliance Document signed,Day 30,2026-06-19,Completed,2026-06-28,Payroll
BP-90296,EMP7022,Onboarding,30-day check-in,Day 30,2026-05-20,In Progress,,HR
BP-90297,EMP7022,Onboarding,Mid-probation review,Day 60,2026-08-02,Completed,2026-07-15,Payroll
BP-90298,EMP7022,Onboarding,Probation decision,Day 90,2026-08-02,Not Started,,IT
BP-90299,EMP7022,Onboarding,90-day survey,Day 90,2026-07-10,Completed,2026-07-03,Payroll
BP-90300,EMP7023,Onboarding,Laptop issued,Day 1,2026-07-15,Completed,2026-07-08,IT
BP-90301,EMP7023,Onboarding,Email + SSO access,Day 1,2026-07-07,Completed,2026-06-29,IT
BP-90302,EMP7023,Onboarding,Building badge,Day 1,2026-06-17,In Progress,,Payroll
BP-90303,EMP7023,Onboarding,Team introduction,Day 1,2026-05-17,Not Started,,HR
BP-90304,EMP7023,Onboarding,Compliance training assigned,Day 7,2026-07-21,In Progress,,Payroll
BP-90305,EMP7023,Onboarding,Policy handbook acknowledgement,Day 7,2026-07-31,Completed,2026-07-13,Payroll
BP-90306,EMP7023,Onboarding,First 1:1 scheduled,Day 7,2026-06-10,Completed,2026-07-01,IT
BP-90307,EMP7023,Onboarding,Role goals set,Day 30,2026-08-03,Completed,2026-06-27,HR
BP-90308,EMP7023,Onboarding,Compliance Document signed,Day 30,2026-07-18,Not Started,,IT
BP-90309,EMP7023,Onboarding,30-day check-in,Day 30,2026-08-04,Completed,2026-07-03,HR
BP-90310,EMP7023,Onboarding,Mid-probation review,Day 60,2026-06-02,Completed,2026-06-27,Manager
BP-90311,EMP7023,Onboarding,Probation decision,Day 90,2026-06-28,Completed,2026-07-07,Payroll
BP-90312,EMP7023,Onboarding,90-day survey,Day 90,2026-06-08,Not Started,,IT
BP-90313,EMP7024,Onboarding,Laptop issued,Day 1,2026-07-12,Completed,2026-07-07,Manager
BP-90314,EMP7024,Onboarding,Email + SSO access,Day 1,2026-06-24,Not Started,,Payroll
BP-90315,EMP7024,Onboarding,Building badge,Day 1,2026-05-23,In Progress,,IT
BP-90316,EMP7024,Onboarding,Team introduction,Day 1,2026-06-12,Not Started,,Manager
BP-90317,EMP7024,Onboarding,Compliance training assigned,Day 7,2026-05-28,Not Started,,Payroll
BP-90318,EMP7024,Onboarding,Policy handbook acknowledgement,Day 7,2026-07-06,Completed,2026-07-15,Manager
BP-90319,EMP7024,Onboarding,First 1:1 scheduled,Day 7,2026-06-23,Completed,2026-07-11,Payroll
BP-90320,EMP7024,Onboarding,Role goals set,Day 30,2026-05-19,Not Started,,HR
BP-90321,EMP7024,Onboarding,Compliance Document signed,Day 30,2026-07-07,Completed,2026-07-05,Payroll
BP-90322,EMP7024,Onboarding,30-day check-in,Day 30,2026-05-19,Completed,2026-07-02,HR
BP-90323,EMP7024,Onboarding,Mid-probation review,Day 60,2026-06-23,Completed,2026-07-13,Manager
BP-90324,EMP7024,Onboarding,Probation decision,Day 90,2026-05-29,Completed,2026-07-10,Manager
BP-90325,EMP7024,Onboarding,90-day survey,Day 90,2026-06-03,Completed,2026-07-10,IT
BP-90326,EMP7025,Onboarding,Laptop issued,Day 1,2026-07-30,Completed,2026-07-08,IT
BP-90327,EMP7025,Onboarding,Email + SSO access,Day 1,2026-06-19,In Progress,,Payroll
BP-90328,EMP7025,Onboarding,Building badge,Day 1,2026-06-13,Completed,2026-07-13,IT
BP-90329,EMP7025,Onboarding,Team introduction,Day 1,2026-06-01,Completed,2026-06-27,IT
BP-90330,EMP7025,Onboarding,Compliance training assigned,Day 7,2026-07-13,Not Started,,HR
BP-90331,EMP7025,Onboarding,Policy handbook acknowledgement,Day 7,2026-05-21,Escalated,,Payroll
BP-90332,EMP7025,Onboarding,First 1:1 scheduled,Day 7,2026-07-13,Completed,2026-07-10,IT
BP-90333,EMP7025,Onboarding,Role goals set,Day 30,2026-07-12,Completed,2026-06-28,Manager
BP-90334,EMP7025,Onboarding,Compliance Document signed,Day 30,2026-07-16,In Progress,,Payroll
BP-90335,EMP7025,Onboarding,30-day check-in,Day 30,2026-05-26,Completed,2026-07-09,HR
BP-90336,EMP7025,Onboarding,Mid-probation review,Day 60,2026-05-28,Not Started,,IT
BP-90337,EMP7025,Onboarding,Probation decision,Day 90,2026-07-16,Completed,2026-06-27,IT
BP-90338,EMP7025,Onboarding,90-day survey,Day 90,2026-06-05,Completed,2026-07-04,IT
BP-90339,EMP7026,Onboarding,Laptop issued,Day 1,2026-06-20,In Progress,,Manager
BP-90340,EMP7026,Onboarding,Email + SSO access,Day 1,2026-05-29,Completed,2026-07-10,HR
BP-90341,EMP7026,Onboarding,Building badge,Day 1,2026-06-29,Escalated,,IT
BP-90342,EMP7026,Onboarding,Team introduction,Day 1,2026-07-27,Completed,2026-06-29,IT
BP-90343,EMP7026,Onboarding,Compliance training assigned,Day 7,2026-06-23,Completed,2026-07-02,Payroll
BP-90344,EMP7026,Onboarding,Policy handbook acknowledgement,Day 7,2026-06-11,Not Started,,HR
BP-90345,EMP7026,Onboarding,First 1:1 scheduled,Day 7,2026-07-13,Not Started,,HR
BP-90346,EMP7026,Onboarding,Role goals set,Day 30,2026-05-24,In Progress,,Payroll
BP-90347,EMP7026,Onboarding,Compliance Document signed,Day 30,2026-07-29,Completed,2026-07-03,IT
BP-90348,EMP7026,Onboarding,30-day check-in,Day 30,2026-08-01,Completed,2026-06-27,HR
BP-90349,EMP7026,Onboarding,Mid-probation review,Day 60,2026-07-18,Completed,2026-07-04,HR
BP-90350,EMP7026,Onboarding,Probation decision,Day 90,2026-06-24,Not Started,,HR
BP-90351,EMP7026,Onboarding,90-day survey,Day 90,2026-06-03,Completed,2026-06-25,HR
BP-90352,EMP7027,Onboarding,Laptop issued,Day 1,2026-06-29,In Progress,,HR
BP-90353,EMP7027,Onboarding,Email + SSO access,Day 1,2026-07-17,Completed,2026-07-13,IT
BP-90354,EMP7027,Onboarding,Building badge,Day 1,2026-07-31,In Progress,,Manager
BP-90355,EMP7027,Onboarding,Team introduction,Day 1,2026-07-17,Completed,2026-07-02,HR
BP-90356,EMP7027,Onboarding,Compliance training assigned,Day 7,2026-05-29,Not Started,,Payroll
BP-90357,EMP7027,Onboarding,Policy handbook acknowledgement,Day 7,2026-06-08,Completed,2026-07-05,HR
BP-90358,EMP7027,Onboarding,First 1:1 scheduled,Day 7,2026-05-25,Completed,2026-07-13,HR
BP-90359,EMP7027,Onboarding,Role goals set,Day 30,2026-05-24,Completed,2026-07-06,Payroll
BP-90360,EMP7027,Onboarding,Compliance Document signed,Day 30,2026-06-05,Completed,2026-07-12,HR
BP-90361,EMP7027,Onboarding,30-day check-in,Day 30,2026-06-26,Completed,2026-06-25,HR
BP-90362,EMP7027,Onboarding,Mid-probation review,Day 60,2026-05-28,Completed,2026-07-15,HR
BP-90363,EMP7027,Onboarding,Probation decision,Day 90,2026-06-14,Completed,2026-07-06,Payroll
BP-90364,EMP7027,Onboarding,90-day survey,Day 90,2026-06-16,Escalated,,Manager
BP-90365,EMP7028,Onboarding,Laptop issued,Day 1,2026-07-23,Completed,2026-07-04,Manager
BP-90366,EMP7028,Onboarding,Email + SSO access,Day 1,2026-05-16,Completed,2026-07-02,Payroll
BP-90367,EMP7028,Onboarding,Building badge,Day 1,2026-06-27,Not Started,,Payroll
BP-90368,EMP7028,Onboarding,Team introduction,Day 1,2026-06-04,Completed,2026-07-01,HR
BP-90369,EMP7028,Onboarding,Compliance training assigned,Day 7,2026-05-17,Completed,2026-06-25,IT
BP-90370,EMP7028,Onboarding,Policy handbook acknowledgement,Day 7,2026-08-02,Completed,2026-07-10,Payroll
BP-90371,EMP7028,Onboarding,First 1:1 scheduled,Day 7,2026-07-11,Completed,2026-07-06,Manager
BP-90372,EMP7028,Onboarding,Role goals set,Day 30,2026-05-29,Completed,2026-07-08,HR
BP-90373,EMP7028,Onboarding,Compliance Document signed,Day 30,2026-06-01,Completed,2026-07-04,Manager
BP-90374,EMP7028,Onboarding,30-day check-in,Day 30,2026-06-06,Completed,2026-07-04,HR
BP-90375,EMP7028,Onboarding,Mid-probation review,Day 60,2026-06-25,Completed,2026-07-15,Manager
BP-90376,EMP7028,Onboarding,Probation decision,Day 90,2026-06-20,Completed,2026-07-11,Payroll
BP-90377,EMP7028,Onboarding,90-day survey,Day 90,2026-07-21,Completed,2026-07-09,HR
BP-90378,EMP7029,Onboarding,Laptop issued,Day 1,2026-06-03,Not Started,,HR
BP-90379,EMP7029,Onboarding,Email + SSO access,Day 1,2026-06-04,Not Started,,Manager
BP-90380,EMP7029,Onboarding,Building badge,Day 1,2026-06-12,Not Started,,HR
BP-90381,EMP7029,Onboarding,Team introduction,Day 1,2026-05-31,Completed,2026-07-01,IT
BP-90382,EMP7029,Onboarding,Compliance training assigned,Day 7,2026-06-11,Completed,2026-07-06,Payroll
BP-90383,EMP7029,Onboarding,Policy handbook acknowledgement,Day 7,2026-05-19,Completed,2026-06-26,HR
BP-90384,EMP7029,Onboarding,First 1:1 scheduled,Day 7,2026-07-13,In Progress,,HR
BP-90385,EMP7029,Onboarding,Role goals set,Day 30,2026-06-15,Not Started,,Payroll
BP-90386,EMP7029,Onboarding,Compliance Document signed,Day 30,2026-07-11,Completed,2026-07-09,Payroll
BP-90387,EMP7029,Onboarding,30-day check-in,Day 30,2026-07-13,Not Started,,HR
BP-90388,EMP7029,Onboarding,Mid-probation review,Day 60,2026-08-03,In Progress,,IT
BP-90389,EMP7029,Onboarding,Probation decision,Day 90,2026-05-20,Not Started,,HR
BP-90390,EMP7029,Onboarding,90-day survey,Day 90,2026-07-02,Completed,2026-07-04,Payroll
BP-90391,EMP7030,Onboarding,Laptop issued,Day 1,2026-05-26,Completed,2026-06-25,Manager
BP-90392,EMP7030,Onboarding,Email + SSO access,Day 1,2026-05-31,In Progress,,Payroll
BP-90393,EMP7030,Onboarding,Building badge,Day 1,2026-05-22,Completed,2026-07-12,HR
BP-90394,EMP7030,Onboarding,Team introduction,Day 1,2026-07-08,In Progress,,HR
BP-90395,EMP7030,Onboarding,Compliance training assigned,Day 7,2026-06-22,Completed,2026-07-01,HR
BP-90396,EMP7030,Onboarding,Policy handbook acknowledgement,Day 7,2026-05-17,In Progress,,IT
BP-90397,EMP7030,Onboarding,First 1:1 scheduled,Day 7,2026-06-16,Completed,2026-07-02,HR
BP-90398,EMP7030,Onboarding,Role goals set,Day 30,2026-06-02,Completed,2026-06-27,Manager
BP-90399,EMP7030,Onboarding,Compliance Document signed,Day 30,2026-07-02,In Progress,,Manager
BP-90400,EMP7030,Onboarding,30-day check-in,Day 30,2026-05-28,Completed,2026-07-03,Manager
BP-90401,EMP7030,Onboarding,Mid-probation review,Day 60,2026-07-15,Completed,2026-06-26,Payroll
BP-90402,EMP7030,Onboarding,Probation decision,Day 90,2026-06-12,Completed,2026-07-13,IT
BP-90403,EMP7030,Onboarding,90-day survey,Day 90,2026-07-24,Completed,2026-06-28,HR
BP-90404,EMP7031,Onboarding,Laptop issued,Day 1,2026-07-09,In Progress,,Manager
BP-90405,EMP7031,Onboarding,Email + SSO access,Day 1,2026-07-10,Not Started,,Payroll
BP-90406,EMP7031,Onboarding,Building badge,Day 1,2026-05-26,Completed,2026-07-12,Payroll
BP-90407,EMP7031,Onboarding,Team introduction,Day 1,2026-05-19,Completed,2026-07-01,IT
BP-90408,EMP7031,Onboarding,Compliance training assigned,Day 7,2026-05-24,Not Started,,Payroll
BP-90409,EMP7031,Onboarding,Policy handbook acknowledgement,Day 7,2026-05-26,In Progress,,Manager
BP-90410,EMP7031,Onboarding,First 1:1 scheduled,Day 7,2026-07-02,Completed,2026-07-15,Payroll
BP-90411,EMP7031,Onboarding,Role goals set,Day 30,2026-06-10,Completed,2026-06-30,HR
BP-90412,EMP7031,Onboarding,Compliance Document signed,Day 30,2026-05-24,In Progress,,IT
BP-90413,EMP7031,Onboarding,30-day check-in,Day 30,2026-06-21,In Progress,,Payroll
BP-90414,EMP7031,Onboarding,Mid-probation review,Day 60,2026-05-18,Completed,2026-07-09,Payroll
BP-90415,EMP7031,Onboarding,Probation decision,Day 90,2026-07-08,Completed,2026-07-10,IT
BP-90416,EMP7031,Onboarding,90-day survey,Day 90,2026-07-11,Escalated,,Payroll
BP-90417,EMP7032,Onboarding,Laptop issued,Day 1,2026-06-07,Not Started,,IT
BP-90418,EMP7032,Onboarding,Email + SSO access,Day 1,2026-05-28,Completed,2026-07-02,HR
BP-90419,EMP7032,Onboarding,Building badge,Day 1,2026-06-30,Completed,2026-07-03,IT
BP-90420,EMP7032,Onboarding,Team introduction,Day 1,2026-06-20,Completed,2026-06-28,Manager
BP-90421,EMP7032,Onboarding,Compliance training assigned,Day 7,2026-06-05,In Progress,,HR
BP-90422,EMP7032,Onboarding,Policy handbook acknowledgement,Day 7,2026-07-10,Completed,2026-07-13,IT
BP-90423,EMP7032,Onboarding,First 1:1 scheduled,Day 7,2026-06-14,Completed,2026-07-03,IT
BP-90424,EMP7032,Onboarding,Role goals set,Day 30,2026-07-27,Completed,2026-07-01,Manager
BP-90425,EMP7032,Onboarding,Compliance Document signed,Day 30,2026-05-31,In Progress,,Manager
BP-90426,EMP7032,Onboarding,30-day check-in,Day 30,2026-07-04,In Progress,,IT
BP-90427,EMP7032,Onboarding,Mid-probation review,Day 60,2026-06-11,In Progress,,IT
BP-90428,EMP7032,Onboarding,Probation decision,Day 90,2026-06-05,In Progress,,HR
BP-90429,EMP7032,Onboarding,90-day survey,Day 90,2026-05-22,In Progress,,IT
BP-90430,EMP7033,Onboarding,Laptop issued,Day 1,2026-06-12,Completed,2026-07-12,Payroll
BP-90431,EMP7033,Onboarding,Email + SSO access,Day 1,2026-07-25,In Progress,,HR
BP-90432,EMP7033,Onboarding,Building badge,Day 1,2026-07-19,Completed,2026-07-10,HR
BP-90433,EMP7033,Onboarding,Team introduction,Day 1,2026-07-26,Completed,2026-07-10,Payroll
BP-90434,EMP7033,Onboarding,Compliance training assigned,Day 7,2026-06-17,In Progress,,IT
BP-90435,EMP7033,Onboarding,Policy handbook acknowledgement,Day 7,2026-07-30,Completed,2026-07-03,HR
BP-90436,EMP7033,Onboarding,First 1:1 scheduled,Day 7,2026-06-04,Completed,2026-07-02,Payroll
BP-90437,EMP7033,Onboarding,Role goals set,Day 30,2026-05-17,Not Started,,IT
BP-90438,EMP7033,Onboarding,Compliance Document signed,Day 30,2026-06-25,Completed,2026-06-27,IT
BP-90439,EMP7033,Onboarding,30-day check-in,Day 30,2026-08-02,Not Started,,HR
BP-90440,EMP7033,Onboarding,Mid-probation review,Day 60,2026-07-08,Completed,2026-07-07,Manager
BP-90441,EMP7033,Onboarding,Probation decision,Day 90,2026-07-03,In Progress,,Manager
BP-90442,EMP7033,Onboarding,90-day survey,Day 90,2026-07-25,In Progress,,Manager
BP-90443,EMP7034,Onboarding,Laptop issued,Day 1,2026-06-11,Completed,2026-07-05,Manager
BP-90444,EMP7034,Onboarding,Email + SSO access,Day 1,2026-05-22,Completed,2026-06-30,Manager
BP-90445,EMP7034,Onboarding,Building badge,Day 1,2026-07-10,Completed,2026-07-07,Manager
BP-90446,EMP7034,Onboarding,Team introduction,Day 1,2026-07-22,Completed,2026-07-10,IT
BP-90447,EMP7034,Onboarding,Compliance training assigned,Day 7,2026-07-16,Completed,2026-07-11,Manager
BP-90448,EMP7034,Onboarding,Policy handbook acknowledgement,Day 7,2026-06-09,Completed,2026-07-05,Payroll
BP-90449,EMP7034,Onboarding,First 1:1 scheduled,Day 7,2026-06-02,Completed,2026-06-26,Manager
BP-90450,EMP7034,Onboarding,Role goals set,Day 30,2026-08-03,Completed,2026-07-07,HR
BP-90451,EMP7034,Onboarding,Compliance Document signed,Day 30,2026-06-08,Completed,2026-07-05,Payroll
BP-90452,EMP7034,Onboarding,30-day check-in,Day 30,2026-06-11,Completed,2026-07-09,HR
BP-90453,EMP7034,Onboarding,Mid-probation review,Day 60,2026-07-14,Completed,2026-06-25,Manager
BP-90454,EMP7034,Onboarding,Probation decision,Day 90,2026-08-04,Not Started,,IT
BP-90455,EMP7034,Onboarding,90-day survey,Day 90,2026-06-25,Completed,2026-06-26,Manager
BP-90456,EMP7035,Onboarding,Laptop issued,Day 1,2026-07-03,Completed,2026-07-02,Payroll
BP-90457,EMP7035,Onboarding,Email + SSO access,Day 1,2026-07-07,In Progress,,Manager
BP-90458,EMP7035,Onboarding,Building badge,Day 1,2026-05-26,Completed,2026-07-01,HR
BP-90459,EMP7035,Onboarding,Team introduction,Day 1,2026-06-23,Completed,2026-07-13,IT
BP-90460,EMP7035,Onboarding,Compliance training assigned,Day 7,2026-07-11,Completed,2026-07-10,IT
BP-90461,EMP7035,Onboarding,Policy handbook acknowledgement,Day 7,2026-06-01,Not Started,,HR
BP-90462,EMP7035,Onboarding,First 1:1 scheduled,Day 7,2026-06-29,Completed,2026-07-14,Payroll
BP-90463,EMP7035,Onboarding,Role goals set,Day 30,2026-07-24,Completed,2026-07-08,IT
BP-90464,EMP7035,Onboarding,Compliance Document signed,Day 30,2026-06-18,In Progress,,HR
BP-90465,EMP7035,Onboarding,30-day check-in,Day 30,2026-06-19,In Progress,,Manager
BP-90466,EMP7035,Onboarding,Mid-probation review,Day 60,2026-06-09,Completed,2026-07-04,IT
BP-90467,EMP7035,Onboarding,Probation decision,Day 90,2026-07-11,Completed,2026-07-04,Payroll
BP-90468,EMP7035,Onboarding,90-day survey,Day 90,2026-07-26,Completed,2026-07-12,Payroll
BP-90469,EMP7036,Onboarding,Laptop issued,Day 1,2026-06-03,Completed,2026-07-09,Payroll
BP-90470,EMP7036,Onboarding,Email + SSO access,Day 1,2026-05-30,In Progress,,IT
BP-90471,EMP7036,Onboarding,Building badge,Day 1,2026-06-19,In Progress,,Payroll
BP-90472,EMP7036,Onboarding,Team introduction,Day 1,2026-07-02,Completed,2026-07-03,IT
BP-90473,EMP7036,Onboarding,Compliance training assigned,Day 7,2026-05-18,Completed,2026-07-10,Payroll
BP-90474,EMP7036,Onboarding,Policy handbook acknowledgement,Day 7,2026-07-29,Not Started,,Manager
BP-90475,EMP7036,Onboarding,First 1:1 scheduled,Day 7,2026-07-05,Completed,2026-07-08,IT
BP-90476,EMP7036,Onboarding,Role goals set,Day 30,2026-05-31,Completed,2026-06-27,HR
BP-90477,EMP7036,Onboarding,Compliance Document signed,Day 30,2026-07-15,In Progress,,Payroll
BP-90478,EMP7036,Onboarding,30-day check-in,Day 30,2026-08-02,Not Started,,Manager
BP-90479,EMP7036,Onboarding,Mid-probation review,Day 60,2026-06-08,In Progress,,HR
BP-90480,EMP7036,Onboarding,Probation decision,Day 90,2026-07-30,Completed,2026-07-13,IT
BP-90481,EMP7036,Onboarding,90-day survey,Day 90,2026-05-29,Completed,2026-07-04,Payroll
BP-90482,EMP7037,Onboarding,Laptop issued,Day 1,2026-05-21,In Progress,,HR
BP-90483,EMP7037,Onboarding,Email + SSO access,Day 1,2026-06-06,Not Started,,Payroll
BP-90484,EMP7037,Onboarding,Building badge,Day 1,2026-05-20,Completed,2026-07-07,Manager
BP-90485,EMP7037,Onboarding,Team introduction,Day 1,2026-05-28,Not Started,,Manager
BP-90486,EMP7037,Onboarding,Compliance training assigned,Day 7,2026-07-10,Completed,2026-07-03,IT
BP-90487,EMP7037,Onboarding,Policy handbook acknowledgement,Day 7,2026-06-29,In Progress,,HR
BP-90488,EMP7037,Onboarding,First 1:1 scheduled,Day 7,2026-05-19,Completed,2026-07-13,Manager
BP-90489,EMP7037,Onboarding,Role goals set,Day 30,2026-07-11,In Progress,,Manager
BP-90490,EMP7037,Onboarding,Compliance Document signed,Day 30,2026-06-03,Completed,2026-06-29,Manager
BP-90491,EMP7037,Onboarding,30-day check-in,Day 30,2026-07-05,In Progress,,IT
BP-90492,EMP7037,Onboarding,Mid-probation review,Day 60,2026-05-26,In Progress,,Manager
BP-90493,EMP7037,Onboarding,Probation decision,Day 90,2026-07-03,Completed,2026-06-28,Payroll
BP-90494,EMP7037,Onboarding,90-day survey,Day 90,2026-06-01,Completed,2026-07-13,IT
BP-90495,EMP7038,Onboarding,Laptop issued,Day 1,2026-07-23,In Progress,,Manager
BP-90496,EMP7038,Onboarding,Email + SSO access,Day 1,2026-06-04,Completed,2026-06-29,Payroll
BP-90497,EMP7038,Onboarding,Building badge,Day 1,2026-06-28,Completed,2026-07-13,IT
BP-90498,EMP7038,Onboarding,Team introduction,Day 1,2026-06-30,In Progress,,Payroll
BP-90499,EMP7038,Onboarding,Compliance training assigned,Day 7,2026-06-10,In Progress,,IT
BP-90500,EMP7038,Onboarding,Policy handbook acknowledgement,Day 7,2026-07-15,Completed,2026-06-27,Manager
BP-90501,EMP7038,Onboarding,First 1:1 scheduled,Day 7,2026-08-04,Not Started,,Payroll
BP-90502,EMP7038,Onboarding,Role goals set,Day 30,2026-06-02,Not Started,,Payroll
BP-90503,EMP7038,Onboarding,Compliance Document signed,Day 30,2026-08-03,Completed,2026-07-11,Payroll
BP-90504,EMP7038,Onboarding,30-day check-in,Day 30,2026-06-15,Completed,2026-07-10,Manager
BP-90505,EMP7038,Onboarding,Mid-probation review,Day 60,2026-07-25,In Progress,,Manager
BP-90506,EMP7038,Onboarding,Probation decision,Day 90,2026-06-19,Completed,2026-06-25,Manager
BP-90507,EMP7038,Onboarding,90-day survey,Day 90,2026-08-01,Completed,2026-07-10,HR
BP-90508,EMP7039,Onboarding,Laptop issued,Day 1,2026-07-08,Completed,2026-07-05,Manager
BP-90509,EMP7039,Onboarding,Email + SSO access,Day 1,2026-05-27,Completed,2026-07-07,Manager
BP-90510,EMP7039,Onboarding,Building badge,Day 1,2026-06-22,Completed,2026-07-14,Payroll
BP-90511,EMP7039,Onboarding,Team introduction,Day 1,2026-05-30,Completed,2026-07-12,Payroll
BP-90512,EMP7039,Onboarding,Compliance training assigned,Day 7,2026-07-27,Completed,2026-07-06,Payroll
BP-90513,EMP7039,Onboarding,Policy handbook acknowledgement,Day 7,2026-05-17,Completed,2026-07-05,IT
BP-90514,EMP7039,Onboarding,First 1:1 scheduled,Day 7,2026-05-24,Completed,2026-06-25,IT
BP-90515,EMP7039,Onboarding,Role goals set,Day 30,2026-05-28,In Progress,,Payroll
BP-90516,EMP7039,Onboarding,Compliance Document signed,Day 30,2026-05-18,Completed,2026-06-25,Manager
BP-90517,EMP7039,Onboarding,30-day check-in,Day 30,2026-06-11,Not Started,,Payroll
BP-90518,EMP7039,Onboarding,Mid-probation review,Day 60,2026-05-16,Completed,2026-07-12,HR
BP-90519,EMP7039,Onboarding,Probation decision,Day 90,2026-06-11,Completed,2026-07-05,Payroll
BP-90520,EMP7039,Onboarding,90-day survey,Day 90,2026-06-02,Completed,2026-07-13,IT
BP-90521,EMP7040,Onboarding,Laptop issued,Day 1,2026-05-30,Completed,2026-06-28,Manager
BP-90522,EMP7040,Onboarding,Email + SSO access,Day 1,2026-06-11,Completed,2026-06-28,Manager
BP-90523,EMP7040,Onboarding,Building badge,Day 1,2026-06-11,Completed,2026-07-08,Manager
BP-90524,EMP7040,Onboarding,Team introduction,Day 1,2026-06-15,Completed,2026-07-04,IT
BP-90525,EMP7040,Onboarding,Compliance training assigned,Day 7,2026-07-03,Completed,2026-07-11,Manager
BP-90526,EMP7040,Onboarding,Policy handbook acknowledgement,Day 7,2026-05-20,Not Started,,Manager
BP-90527,EMP7040,Onboarding,First 1:1 scheduled,Day 7,2026-05-22,Completed,2026-07-10,Manager
BP-90528,EMP7040,Onboarding,Role goals set,Day 30,2026-07-30,Not Started,,HR
BP-90529,EMP7040,Onboarding,Compliance Document signed,Day 30,2026-05-31,Not Started,,Manager
BP-90530,EMP7040,Onboarding,30-day check-in,Day 30,2026-05-27,Completed,2026-07-09,IT
BP-90531,EMP7040,Onboarding,Mid-probation review,Day 60,2026-08-03,Completed,2026-06-30,Payroll
BP-90532,EMP7040,Onboarding,Probation decision,Day 90,2026-06-07,Completed,2026-07-15,Manager
BP-90533,EMP7040,Onboarding,90-day survey,Day 90,2026-07-09,Not Started,,IT
BP-90534,EMP7041,Onboarding,Laptop issued,Day 1,2026-07-25,Completed,2026-07-15,IT
BP-90535,EMP7041,Onboarding,Email + SSO access,Day 1,2026-06-05,Completed,2026-06-29,Payroll
BP-90536,EMP7041,Onboarding,Building badge,Day 1,2026-07-29,Completed,2026-07-02,HR
BP-90537,EMP7041,Onboarding,Team introduction,Day 1,2026-07-06,Completed,2026-07-10,IT
BP-90538,EMP7041,Onboarding,Compliance training assigned,Day 7,2026-06-24,Completed,2026-06-27,IT
BP-90539,EMP7041,Onboarding,Policy handbook acknowledgement,Day 7,2026-05-30,Completed,2026-06-27,Payroll
BP-90540,EMP7041,Onboarding,First 1:1 scheduled,Day 7,2026-06-12,Completed,2026-07-12,Payroll
BP-90541,EMP7041,Onboarding,Role goals set,Day 30,2026-07-17,Completed,2026-07-14,Manager
BP-90542,EMP7041,Onboarding,Compliance Document signed,Day 30,2026-06-21,Completed,2026-07-11,Payroll
BP-90543,EMP7041,Onboarding,30-day check-in,Day 30,2026-07-26,Completed,2026-07-14,Payroll
BP-90544,EMP7041,Onboarding,Mid-probation review,Day 60,2026-06-11,Escalated,,HR
BP-90545,EMP7041,Onboarding,Probation decision,Day 90,2026-06-03,Completed,2026-07-13,Manager
BP-90546,EMP7041,Onboarding,90-day survey,Day 90,2026-07-25,Completed,2026-07-11,HR
BP-90547,EMP7042,Onboarding,Laptop issued,Day 1,2026-07-17,Escalated,,IT
BP-90548,EMP7042,Onboarding,Email + SSO access,Day 1,2026-06-11,Not Started,,IT
BP-90549,EMP7042,Onboarding,Building badge,Day 1,2026-06-06,Not Started,,Manager
BP-90550,EMP7042,Onboarding,Team introduction,Day 1,2026-06-24,Completed,2026-06-28,Manager
BP-90551,EMP7042,Onboarding,Compliance training assigned,Day 7,2026-07-05,Completed,2026-06-30,IT
BP-90552,EMP7042,Onboarding,Policy handbook acknowledgement,Day 7,2026-07-14,Completed,2026-06-25,Manager
BP-90553,EMP7042,Onboarding,First 1:1 scheduled,Day 7,2026-06-21,Completed,2026-07-01,Manager
BP-90554,EMP7042,Onboarding,Role goals set,Day 30,2026-06-10,Completed,2026-07-11,Manager
BP-90555,EMP7042,Onboarding,Compliance Document signed,Day 30,2026-07-04,Escalated,,Manager
BP-90556,EMP7042,Onboarding,30-day check-in,Day 30,2026-06-13,Completed,2026-07-01,Payroll
BP-90557,EMP7042,Onboarding,Mid-probation review,Day 60,2026-06-03,Completed,2026-07-10,Manager
BP-90558,EMP7042,Onboarding,Probation decision,Day 90,2026-05-20,Not Started,,HR
BP-90559,EMP7042,Onboarding,90-day survey,Day 90,2026-06-11,Completed,2026-07-04,IT
BP-90560,EMP7043,Onboarding,Laptop issued,Day 1,2026-07-08,In Progress,,HR
BP-90561,EMP7043,Onboarding,Email + SSO access,Day 1,2026-06-09,Escalated,,IT
BP-90562,EMP7043,Onboarding,Building badge,Day 1,2026-06-11,Completed,2026-07-04,HR
BP-90563,EMP7043,Onboarding,Team introduction,Day 1,2026-07-22,In Progress,,Manager
BP-90564,EMP7043,Onboarding,Compliance training assigned,Day 7,2026-07-16,Completed,2026-07-14,HR
BP-90565,EMP7043,Onboarding,Policy handbook acknowledgement,Day 7,2026-07-17,Not Started,,Manager
BP-90566,EMP7043,Onboarding,First 1:1 scheduled,Day 7,2026-07-29,In Progress,,IT
BP-90567,EMP7043,Onboarding,Role goals set,Day 30,2026-05-30,Completed,2026-07-14,IT
BP-90568,EMP7043,Onboarding,Compliance Document signed,Day 30,2026-07-17,Not Started,,Manager
BP-90569,EMP7043,Onboarding,30-day check-in,Day 30,2026-07-07,Not Started,,IT
BP-90570,EMP7043,Onboarding,Mid-probation review,Day 60,2026-06-08,Escalated,,IT
BP-90571,EMP7043,Onboarding,Probation decision,Day 90,2026-06-03,Not Started,,Payroll
BP-90572,EMP7043,Onboarding,90-day survey,Day 90,2026-06-10,Completed,2026-07-02,Payroll
BP-90573,EMP7044,Onboarding,Laptop issued,Day 1,2026-07-21,Completed,2026-07-13,Manager
BP-90574,EMP7044,Onboarding,Email + SSO access,Day 1,2026-06-13,Completed,2026-07-14,Payroll
BP-90575,EMP7044,Onboarding,Building badge,Day 1,2026-08-01,Completed,2026-06-27,Manager
BP-90576,EMP7044,Onboarding,Team introduction,Day 1,2026-07-26,Completed,2026-07-15,HR
BP-90577,EMP7044,Onboarding,Compliance training assigned,Day 7,2026-06-27,Not Started,,HR
BP-90578,EMP7044,Onboarding,Policy handbook acknowledgement,Day 7,2026-08-04,In Progress,,Manager
BP-90579,EMP7044,Onboarding,First 1:1 scheduled,Day 7,2026-06-23,Completed,2026-07-13,Payroll
BP-90580,EMP7044,Onboarding,Role goals set,Day 30,2026-07-31,Not Started,,Manager
BP-90581,EMP7044,Onboarding,Compliance Document signed,Day 30,2026-07-11,Completed,2026-07-02,HR
BP-90582,EMP7044,Onboarding,30-day check-in,Day 30,2026-06-18,Not Started,,Payroll
BP-90583,EMP7044,Onboarding,Mid-probation review,Day 60,2026-06-18,Completed,2026-07-10,IT
BP-90584,EMP7044,Onboarding,Probation decision,Day 90,2026-05-20,Escalated,,Payroll
BP-90585,EMP7044,Onboarding,90-day survey,Day 90,2026-07-21,Completed,2026-07-13,Payroll
BP-90586,EMP7045,Onboarding,Laptop issued,Day 1,2026-06-22,Completed,2026-07-07,HR
BP-90587,EMP7045,Onboarding,Email + SSO access,Day 1,2026-05-29,Completed,2026-07-04,IT
BP-90588,EMP7045,Onboarding,Building badge,Day 1,2026-07-02,Not Started,,HR
BP-90589,EMP7045,Onboarding,Team introduction,Day 1,2026-05-22,In Progress,,IT
BP-90590,EMP7045,Onboarding,Compliance training assigned,Day 7,2026-06-08,Not Started,,HR
BP-90591,EMP7045,Onboarding,Policy handbook acknowledgement,Day 7,2026-06-04,Escalated,,Manager
BP-90592,EMP7045,Onboarding,First 1:1 scheduled,Day 7,2026-06-13,Completed,2026-07-06,Manager
BP-90593,EMP7045,Onboarding,Role goals set,Day 30,2026-05-27,In Progress,,Manager
BP-90594,EMP7045,Onboarding,Compliance Document signed,Day 30,2026-06-26,In Progress,,Manager
BP-90595,EMP7045,Onboarding,30-day check-in,Day 30,2026-06-19,Completed,2026-06-29,IT
BP-90596,EMP7045,Onboarding,Mid-probation review,Day 60,2026-05-19,Completed,2026-07-01,Payroll
BP-90597,EMP7045,Onboarding,Probation decision,Day 90,2026-06-25,Not Started,,Payroll
BP-90598,EMP7045,Onboarding,90-day survey,Day 90,2026-05-29,In Progress,,Payroll
BP-90599,EMP7046,Onboarding,Laptop issued,Day 1,2026-07-31,Escalated,,IT
BP-90600,EMP7046,Onboarding,Email + SSO access,Day 1,2026-07-12,Completed,2026-06-27,HR
BP-90601,EMP7046,Onboarding,Building badge,Day 1,2026-07-05,In Progress,,IT
BP-90602,EMP7046,Onboarding,Team introduction,Day 1,2026-07-27,Completed,2026-06-27,Manager
BP-90603,EMP7046,Onboarding,Compliance training assigned,Day 7,2026-06-03,Completed,2026-06-29,IT
BP-90604,EMP7046,Onboarding,Policy handbook acknowledgement,Day 7,2026-06-05,Completed,2026-06-25,IT
BP-90605,EMP7046,Onboarding,First 1:1 scheduled,Day 7,2026-07-19,Completed,2026-07-03,Payroll
BP-90606,EMP7046,Onboarding,Role goals set,Day 30,2026-05-28,In Progress,,Manager
BP-90607,EMP7046,Onboarding,Compliance Document signed,Day 30,2026-07-24,In Progress,,Payroll
BP-90608,EMP7046,Onboarding,30-day check-in,Day 30,2026-06-01,Not Started,,IT
BP-90609,EMP7046,Onboarding,Mid-probation review,Day 60,2026-06-20,Completed,2026-07-06,HR
BP-90610,EMP7046,Onboarding,Probation decision,Day 90,2026-06-16,Escalated,,Manager
BP-90611,EMP7046,Onboarding,90-day survey,Day 90,2026-07-30,Not Started,,Manager
BP-90612,EMP7047,Onboarding,Laptop issued,Day 1,2026-05-28,Completed,2026-06-26,Manager
BP-90613,EMP7047,Onboarding,Email + SSO access,Day 1,2026-07-13,Completed,2026-06-26,IT
BP-90614,EMP7047,Onboarding,Building badge,Day 1,2026-06-10,Completed,2026-07-05,Manager
BP-90615,EMP7047,Onboarding,Team introduction,Day 1,2026-06-23,Escalated,,Manager
BP-90616,EMP7047,Onboarding,Compliance training assigned,Day 7,2026-06-06,Completed,2026-07-08,IT
BP-90617,EMP7047,Onboarding,Policy handbook acknowledgement,Day 7,2026-07-05,Not Started,,Payroll
BP-90618,EMP7047,Onboarding,First 1:1 scheduled,Day 7,2026-06-28,Completed,2026-07-03,IT
BP-90619,EMP7047,Onboarding,Role goals set,Day 30,2026-07-08,Completed,2026-07-05,Manager
BP-90620,EMP7047,Onboarding,Compliance Document signed,Day 30,2026-05-29,Completed,2026-07-14,Manager
BP-90621,EMP7047,Onboarding,30-day check-in,Day 30,2026-07-16,In Progress,,IT
BP-90622,EMP7047,Onboarding,Mid-probation review,Day 60,2026-07-22,Completed,2026-07-04,Payroll
BP-90623,EMP7047,Onboarding,Probation decision,Day 90,2026-08-04,Completed,2026-07-12,Payroll
BP-90624,EMP7047,Onboarding,90-day survey,Day 90,2026-06-19,Completed,2026-07-01,Manager
BP-90625,EMP7048,Onboarding,Laptop issued,Day 1,2026-05-27,Escalated,,Manager
BP-90626,EMP7048,Onboarding,Email + SSO access,Day 1,2026-07-31,Not Started,,Payroll
BP-90627,EMP7048,Onboarding,Building badge,Day 1,2026-06-06,In Progress,,IT
BP-90628,EMP7048,Onboarding,Team introduction,Day 1,2026-07-06,Completed,2026-07-14,Payroll
BP-90629,EMP7048,Onboarding,Compliance training assigned,Day 7,2026-05-29,Completed,2026-06-26,Manager
BP-90630,EMP7048,Onboarding,Policy handbook acknowledgement,Day 7,2026-05-23,In Progress,,IT
BP-90631,EMP7048,Onboarding,First 1:1 scheduled,Day 7,2026-07-04,Completed,2026-06-30,IT
BP-90632,EMP7048,Onboarding,Role goals set,Day 30,2026-07-30,Not Started,,Payroll
BP-90633,EMP7048,Onboarding,Compliance Document signed,Day 30,2026-06-30,Not Started,,Payroll
BP-90634,EMP7048,Onboarding,30-day check-in,Day 30,2026-05-16,Completed,2026-06-28,HR
BP-90635,EMP7048,Onboarding,Mid-probation review,Day 60,2026-06-05,Not Started,,Manager
BP-90636,EMP7048,Onboarding,Probation decision,Day 90,2026-06-22,In Progress,,Payroll
BP-90637,EMP7048,Onboarding,90-day survey,Day 90,2026-06-02,Completed,2026-07-14,IT
BP-90638,EMP7049,Onboarding,Laptop issued,Day 1,2026-05-26,Completed,2026-07-13,HR
BP-90639,EMP7049,Onboarding,Email + SSO access,Day 1,2026-06-21,In Progress,,Payroll
BP-90640,EMP7049,Onboarding,Building badge,Day 1,2026-06-23,Completed,2026-07-06,IT
BP-90641,EMP7049,Onboarding,Team introduction,Day 1,2026-05-24,Completed,2026-06-30,HR
BP-90642,EMP7049,Onboarding,Compliance training assigned,Day 7,2026-06-20,Completed,2026-07-13,Manager
BP-90643,EMP7049,Onboarding,Policy handbook acknowledgement,Day 7,2026-07-07,Completed,2026-07-03,IT
BP-90644,EMP7049,Onboarding,First 1:1 scheduled,Day 7,2026-07-15,Completed,2026-07-01,Payroll
BP-90645,EMP7049,Onboarding,Role goals set,Day 30,2026-06-05,Not Started,,Manager
BP-90646,EMP7049,Onboarding,Compliance Document signed,Day 30,2026-07-13,Completed,2026-07-11,HR
BP-90647,EMP7049,Onboarding,30-day check-in,Day 30,2026-07-17,Completed,2026-07-03,HR
BP-90648,EMP7049,Onboarding,Mid-probation review,Day 60,2026-07-20,Completed,2026-06-25,IT
BP-90649,EMP7049,Onboarding,Probation decision,Day 90,2026-05-18,Completed,2026-07-01,Manager
BP-90650,EMP7049,Onboarding,90-day survey,Day 90,2026-07-27,Escalated,,IT
BP-90651,EMP7050,Onboarding,Laptop issued,Day 1,2026-07-10,Completed,2026-06-29,Payroll
BP-90652,EMP7050,Onboarding,Email + SSO access,Day 1,2026-06-16,Completed,2026-07-02,IT
BP-90653,EMP7050,Onboarding,Building badge,Day 1,2026-08-04,Completed,2026-07-13,Manager
BP-90654,EMP7050,Onboarding,Team introduction,Day 1,2026-05-29,Not Started,,IT
BP-90655,EMP7050,Onboarding,Compliance training assigned,Day 7,2026-05-30,Completed,2026-06-27,Manager
BP-90656,EMP7050,Onboarding,Policy handbook acknowledgement,Day 7,2026-05-28,Completed,2026-07-06,HR
BP-90657,EMP7050,Onboarding,First 1:1 scheduled,Day 7,2026-07-14,Completed,2026-07-13,IT
BP-90658,EMP7050,Onboarding,Role goals set,Day 30,2026-07-03,Completed,2026-06-28,Manager
BP-90659,EMP7050,Onboarding,Compliance Document signed,Day 30,2026-07-21,In Progress,,Payroll
BP-90660,EMP7050,Onboarding,30-day check-in,Day 30,2026-06-07,Not Started,,IT
BP-90661,EMP7050,Onboarding,Mid-probation review,Day 60,2026-07-03,Completed,2026-07-11,HR
BP-90662,EMP7050,Onboarding,Probation decision,Day 90,2026-06-02,Completed,2026-07-11,IT
BP-90663,EMP7050,Onboarding,90-day survey,Day 90,2026-06-29,Completed,2026-07-13,Payroll
BP-90664,EMP7051,Onboarding,Laptop issued,Day 1,2026-05-20,In Progress,,Payroll
BP-90665,EMP7051,Onboarding,Email + SSO access,Day 1,2026-07-13,In Progress,,Payroll
BP-90666,EMP7051,Onboarding,Building badge,Day 1,2026-07-30,Completed,2026-06-29,Payroll
BP-90667,EMP7051,Onboarding,Team introduction,Day 1,2026-07-16,Completed,2026-06-28,HR
BP-90668,EMP7051,Onboarding,Compliance training assigned,Day 7,2026-05-20,Not Started,,Payroll
BP-90669,EMP7051,Onboarding,Policy handbook acknowledgement,Day 7,2026-06-29,Completed,2026-06-27,Payroll
BP-90670,EMP7051,Onboarding,First 1:1 scheduled,Day 7,2026-07-09,Completed,2026-06-26,Manager
BP-90671,EMP7051,Onboarding,Role goals set,Day 30,2026-06-19,Completed,2026-06-29,Manager
BP-90672,EMP7051,Onboarding,Compliance Document signed,Day 30,2026-06-18,Completed,2026-07-07,Payroll
BP-90673,EMP7051,Onboarding,30-day check-in,Day 30,2026-08-02,In Progress,,IT
BP-90674,EMP7051,Onboarding,Mid-probation review,Day 60,2026-07-17,Completed,2026-07-09,Payroll
BP-90675,EMP7051,Onboarding,Probation decision,Day 90,2026-07-21,Not Started,,Payroll
BP-90676,EMP7051,Onboarding,90-day survey,Day 90,2026-07-25,Completed,2026-06-27,Manager
BP-90677,EMP7052,Onboarding,Laptop issued,Day 1,2026-08-02,Completed,2026-07-12,IT
BP-90678,EMP7052,Onboarding,Email + SSO access,Day 1,2026-07-04,Completed,2026-07-01,Payroll
BP-90679,EMP7052,Onboarding,Building badge,Day 1,2026-07-03,In Progress,,Payroll
BP-90680,EMP7052,Onboarding,Team introduction,Day 1,2026-06-12,Completed,2026-07-03,HR
BP-90681,EMP7052,Onboarding,Compliance training assigned,Day 7,2026-05-31,Completed,2026-07-02,Payroll
BP-90682,EMP7052,Onboarding,Policy handbook acknowledgement,Day 7,2026-06-29,Completed,2026-06-28,Manager
BP-90683,EMP7052,Onboarding,First 1:1 scheduled,Day 7,2026-07-17,Completed,2026-06-30,HR
BP-90684,EMP7052,Onboarding,Role goals set,Day 30,2026-06-14,In Progress,,Payroll
BP-90685,EMP7052,Onboarding,Compliance Document signed,Day 30,2026-07-07,Escalated,,Manager
BP-90686,EMP7052,Onboarding,30-day check-in,Day 30,2026-07-16,Completed,2026-07-15,HR
BP-90687,EMP7052,Onboarding,Mid-probation review,Day 60,2026-06-20,In Progress,,HR
BP-90688,EMP7052,Onboarding,Probation decision,Day 90,2026-06-04,Completed,2026-07-06,IT
BP-90689,EMP7052,Onboarding,90-day survey,Day 90,2026-07-14,Completed,2026-06-27,Manager
BP-90690,EMP7053,Onboarding,Laptop issued,Day 1,2026-05-30,Completed,2026-07-08,HR
BP-90691,EMP7053,Onboarding,Email + SSO access,Day 1,2026-06-20,Completed,2026-07-08,Manager
BP-90692,EMP7053,Onboarding,Building badge,Day 1,2026-05-28,Not Started,,Payroll
BP-90693,EMP7053,Onboarding,Team introduction,Day 1,2026-07-04,Completed,2026-06-30,Manager
BP-90694,EMP7053,Onboarding,Compliance training assigned,Day 7,2026-06-20,Completed,2026-07-13,Manager
BP-90695,EMP7053,Onboarding,Policy handbook acknowledgement,Day 7,2026-05-24,Completed,2026-07-02,Manager
BP-90696,EMP7053,Onboarding,First 1:1 scheduled,Day 7,2026-05-26,Completed,2026-06-29,Payroll
BP-90697,EMP7053,Onboarding,Role goals set,Day 30,2026-07-28,In Progress,,Payroll
BP-90698,EMP7053,Onboarding,Compliance Document signed,Day 30,2026-07-10,Completed,2026-07-05,HR
BP-90699,EMP7053,Onboarding,30-day check-in,Day 30,2026-06-13,Escalated,,IT
BP-90700,EMP7053,Onboarding,Mid-probation review,Day 60,2026-07-09,Completed,2026-07-01,HR
BP-90701,EMP7053,Onboarding,Probation decision,Day 90,2026-07-13,Not Started,,Payroll
BP-90702,EMP7053,Onboarding,90-day survey,Day 90,2026-07-26,Escalated,,IT
BP-90703,EMP7054,Onboarding,Laptop issued,Day 1,2026-07-19,Completed,2026-06-26,Manager
BP-90704,EMP7054,Onboarding,Email + SSO access,Day 1,2026-06-16,Completed,2026-06-26,Payroll
BP-90705,EMP7054,Onboarding,Building badge,Day 1,2026-07-23,In Progress,,HR
BP-90706,EMP7054,Onboarding,Team introduction,Day 1,2026-07-06,Completed,2026-07-05,Payroll
BP-90707,EMP7054,Onboarding,Compliance training assigned,Day 7,2026-06-15,Completed,2026-06-30,Manager
BP-90708,EMP7054,Onboarding,Policy handbook acknowledgement,Day 7,2026-06-22,Completed,2026-07-11,Payroll
BP-90709,EMP7054,Onboarding,First 1:1 scheduled,Day 7,2026-07-15,Completed,2026-06-26,IT
BP-90710,EMP7054,Onboarding,Role goals set,Day 30,2026-05-26,In Progress,,HR
BP-90711,EMP7054,Onboarding,Compliance Document signed,Day 30,2026-08-04,Completed,2026-07-05,Payroll
BP-90712,EMP7054,Onboarding,30-day check-in,Day 30,2026-06-04,Completed,2026-06-28,Manager
BP-90713,EMP7054,Onboarding,Mid-probation review,Day 60,2026-07-06,Completed,2026-07-09,Payroll
BP-90714,EMP7054,Onboarding,Probation decision,Day 90,2026-08-03,In Progress,,HR
BP-90715,EMP7054,Onboarding,90-day survey,Day 90,2026-07-15,Completed,2026-07-02,Manager
BP-90716,EMP7055,Onboarding,Laptop issued,Day 1,2026-07-09,Completed,2026-06-30,IT
BP-90717,EMP7055,Onboarding,Email + SSO access,Day 1,2026-05-16,Completed,2026-07-05,Manager
BP-90718,EMP7055,Onboarding,Building badge,Day 1,2026-06-05,Not Started,,Manager
BP-90719,EMP7055,Onboarding,Team introduction,Day 1,2026-06-22,In Progress,,Manager
BP-90720,EMP7055,Onboarding,Compliance training assigned,Day 7,2026-06-04,Escalated,,IT
BP-90721,EMP7055,Onboarding,Policy handbook acknowledgement,Day 7,2026-07-07,Completed,2026-07-07,Payroll
BP-90722,EMP7055,Onboarding,First 1:1 scheduled,Day 7,2026-07-08,Completed,2026-07-11,Payroll
BP-90723,EMP7055,Onboarding,Role goals set,Day 30,2026-07-10,Not Started,,Payroll
BP-90724,EMP7055,Onboarding,Compliance Document signed,Day 30,2026-07-12,Completed,2026-07-03,HR
BP-90725,EMP7055,Onboarding,30-day check-in,Day 30,2026-06-01,In Progress,,Payroll
BP-90726,EMP7055,Onboarding,Mid-probation review,Day 60,2026-06-06,Completed,2026-07-14,HR
BP-90727,EMP7055,Onboarding,Probation decision,Day 90,2026-06-17,Completed,2026-07-09,Manager
BP-90728,EMP7055,Onboarding,90-day survey,Day 90,2026-07-11,In Progress,,Manager
BP-90729,EMP7056,Onboarding,Laptop issued,Day 1,2026-06-16,Completed,2026-06-29,Payroll
BP-90730,EMP7056,Onboarding,Email + SSO access,Day 1,2026-05-17,Completed,2026-06-27,HR
BP-90731,EMP7056,Onboarding,Building badge,Day 1,2026-06-09,Not Started,,Payroll
BP-90732,EMP7056,Onboarding,Team introduction,Day 1,2026-05-21,Not Started,,Manager
BP-90733,EMP7056,Onboarding,Compliance training assigned,Day 7,2026-05-19,Escalated,,IT
BP-90734,EMP7056,Onboarding,Policy handbook acknowledgement,Day 7,2026-07-02,Completed,2026-07-02,IT
BP-90735,EMP7056,Onboarding,First 1:1 scheduled,Day 7,2026-05-18,In Progress,,Payroll
BP-90736,EMP7056,Onboarding,Role goals set,Day 30,2026-07-18,Completed,2026-07-14,Payroll
BP-90737,EMP7056,Onboarding,Compliance Document signed,Day 30,2026-06-09,Completed,2026-07-07,Manager
BP-90738,EMP7056,Onboarding,30-day check-in,Day 30,2026-06-04,Escalated,,IT
BP-90739,EMP7056,Onboarding,Mid-probation review,Day 60,2026-08-02,In Progress,,IT
BP-90740,EMP7056,Onboarding,Probation decision,Day 90,2026-07-18,In Progress,,Payroll
BP-90741,EMP7056,Onboarding,90-day survey,Day 90,2026-07-19,In Progress,,IT
BP-90742,EMP7057,Onboarding,Laptop issued,Day 1,2026-06-14,Completed,2026-06-26,HR
BP-90743,EMP7057,Onboarding,Email + SSO access,Day 1,2026-08-02,Completed,2026-07-06,IT
BP-90744,EMP7057,Onboarding,Building badge,Day 1,2026-05-23,Completed,2026-06-30,Payroll
BP-90745,EMP7057,Onboarding,Team introduction,Day 1,2026-06-29,Completed,2026-07-08,IT
BP-90746,EMP7057,Onboarding,Compliance training assigned,Day 7,2026-06-13,Not Started,,IT
BP-90747,EMP7057,Onboarding,Policy handbook acknowledgement,Day 7,2026-05-21,Not Started,,HR
BP-90748,EMP7057,Onboarding,First 1:1 scheduled,Day 7,2026-07-03,Completed,2026-06-30,Payroll
BP-90749,EMP7057,Onboarding,Role goals set,Day 30,2026-06-15,Completed,2026-07-08,Manager
BP-90750,EMP7057,Onboarding,Compliance Document signed,Day 30,2026-06-07,Completed,2026-07-13,IT
BP-90751,EMP7057,Onboarding,30-day check-in,Day 30,2026-06-05,Escalated,,Payroll
BP-90752,EMP7057,Onboarding,Mid-probation review,Day 60,2026-06-16,Completed,2026-07-07,Payroll
BP-90753,EMP7057,Onboarding,Probation decision,Day 90,2026-06-25,Completed,2026-07-11,Payroll
BP-90754,EMP7057,Onboarding,90-day survey,Day 90,2026-07-17,In Progress,,IT
BP-90755,EMP7058,Onboarding,Laptop issued,Day 1,2026-06-21,In Progress,,IT
BP-90756,EMP7058,Onboarding,Email + SSO access,Day 1,2026-08-02,Completed,2026-07-07,HR
BP-90757,EMP7058,Onboarding,Building badge,Day 1,2026-06-28,Completed,2026-06-25,IT
BP-90758,EMP7058,Onboarding,Team introduction,Day 1,2026-05-25,Completed,2026-07-06,IT
BP-90759,EMP7058,Onboarding,Compliance training assigned,Day 7,2026-06-25,In Progress,,HR
BP-90760,EMP7058,Onboarding,Policy handbook acknowledgement,Day 7,2026-07-08,Completed,2026-07-15,Manager
BP-90761,EMP7058,Onboarding,First 1:1 scheduled,Day 7,2026-07-11,Not Started,,Manager
BP-90762,EMP7058,Onboarding,Role goals set,Day 30,2026-07-21,In Progress,,Payroll
BP-90763,EMP7058,Onboarding,Compliance Document signed,Day 30,2026-06-17,Completed,2026-07-12,Manager
BP-90764,EMP7058,Onboarding,30-day check-in,Day 30,2026-05-19,Not Started,,IT
BP-90765,EMP7058,Onboarding,Mid-probation review,Day 60,2026-07-18,Completed,2026-06-29,Manager
BP-90766,EMP7058,Onboarding,Probation decision,Day 90,2026-06-15,Completed,2026-06-30,HR
BP-90767,EMP7058,Onboarding,90-day survey,Day 90,2026-06-22,In Progress,,HR
BP-90768,EMP7059,Onboarding,Laptop issued,Day 1,2026-07-04,Completed,2026-07-14,HR
BP-90769,EMP7059,Onboarding,Email + SSO access,Day 1,2026-06-03,In Progress,,Payroll
BP-90770,EMP7059,Onboarding,Building badge,Day 1,2026-07-19,Completed,2026-06-30,HR
BP-90771,EMP7059,Onboarding,Team introduction,Day 1,2026-07-03,Completed,2026-07-15,Manager
BP-90772,EMP7059,Onboarding,Compliance training assigned,Day 7,2026-06-27,Not Started,,IT
BP-90773,EMP7059,Onboarding,Policy handbook acknowledgement,Day 7,2026-06-16,Completed,2026-07-08,Manager
BP-90774,EMP7059,Onboarding,First 1:1 scheduled,Day 7,2026-07-15,In Progress,,IT
BP-90775,EMP7059,Onboarding,Role goals set,Day 30,2026-07-28,Completed,2026-07-08,Manager
BP-90776,EMP7059,Onboarding,Compliance Document signed,Day 30,2026-07-09,Completed,2026-07-03,HR
BP-90777,EMP7059,Onboarding,30-day check-in,Day 30,2026-07-17,In Progress,,Manager
BP-90778,EMP7059,Onboarding,Mid-probation review,Day 60,2026-05-16,Completed,2026-06-26,Payroll
BP-90779,EMP7059,Onboarding,Probation decision,Day 90,2026-06-06,Completed,2026-06-25,HR
BP-90780,EMP7059,Onboarding,90-day survey,Day 90,2026-06-01,In Progress,,IT
